{
	"lgm.ghost_appear": {
		"sounds": [
			"lgm/ghost_appear"
		]
	},
	"lgm.ghost_burning": {
		"sounds": [
			"lgm/ghost_burning"
		]
	},
	"lgm.ghost_charge_blow": {
		"sounds": [
			"lgm/ghost_charge_blow"
		]
	},
	"lgm.ghost_damage_run": {
		"sounds": [
			"lgm/ghost_damage_run"
		]
	},
	"lgm.ghost_laugh_": {
		"sounds": [
			"lgm/ghost_laugh_1",
			"lgm/ghost_laugh_2"
		]
	},
	"lgm.ghost_startrun": {
		"sounds": [
			"lgm/ghost_startrun"
		]
	},
	"lgm.ghost_start_charge": {
		"sounds": [
			"lgm/ghost_start_charge"
		]
	},
	"lgm.healing_friend": {
		"sounds": [
			"lgm/healing_friend"
		]
	},
	"lgm.lights_out": {
		"sounds": [
			"lgm/lights_out"
		]
	},
	"lgm.music_basement_storage": {
		"sounds": [
			"lgm/music_basement_storage"
		]
	},
	"lgm.music_ghostwin": {
		"sounds": [
			"lgm/music_ghostwin"
		]
	},
	"lgm.music_lab": {
		"sounds": [
			"lgm/music_lab"
		]
	},
	"lgm.music_main": {
		"sounds": [
			"lgm/music_main"
		]
	},
	"lgm.music_playerwin": {
		"sounds": [
			"lgm/music_playerwin"
		]
	},
	"lgm.music_rooftop": {
		"sounds": [
			"lgm/music_rooftop"
		]
	},
	"lgm.music_timeup": {
		"sounds": [
			"lgm/music_timeup"
		]
	},
	"lgm.player_death": {
		"sounds": [
			"lgm/player_death"
		]
	},
	"lgm.start_ghost_damage": {
		"sounds": [
			"lgm/start_ghost_damage"
		]
	},
	"lgm.thunder_": {
		"sounds": [
			"lgm/thunder_1",
			"lgm/thunder_2",
			"lgm/thunder_3",
			"lgm/thunder_4",
			"lgm/thunder_5",
			"lgm/thunder_6",
			"lgm/thunder_7",
			"lgm/thunder_8"
		]
	},
	"lgm.time_reminder": {
		"sounds": [
			"lgm/time_reminder"
		]
	},
	"lgm.ghost_charging": {
		"sounds": [
			"lgm/ghost_charging"
		]
	},
	"lgm.battery_spawn": {
		"sounds": [
			"lgm/battery_spawn"
		]
	},
	"lgm.battery_pickup": {
		"sounds": [
			"lgm/battery_pickup"
		]
	},
	"lgm.armor_shake": {
		"sounds": [
			"lgm/armor_shake"
		]
	},
	"lgm.ns_1": {
		"sounds": [
			"lgm/ns_1"
		]
	},
	"lgm.ns_2": {
		"sounds": [
			"lgm/ns_2"
		]
	},
	"lgm.ns_3": {
		"sounds": [
			"lgm/ns_3"
		]
	},
	"lgm.ns_4": {
		"sounds": [
			"lgm/ns_4"
		]
	},
	"lgm.ns_5": {
		"sounds": [
			"lgm/ns_5"
		]
	},
	"lgm.ns_6": {
		"sounds": [
			"lgm/ns_6"
		]
	}
}