{
	"credit": "Made with Blockbench",
	"textures": {
		"0": "item/battery_middle",
		"1": "item/battery_side1",
		"2": "item/battery_side2",
		"3": "item/battery_side3",
		"4": "item/battery_side4",
		"5": "item/battery_plus",
		"6": "block/battery_minus",
		"particle": "item/battery_middle"
	},
	"elements": [
		{
			"from": [3, 2.5, 7.5],
			"to": [12.5, 5, 10],
			"faces": {
				"north": {"uv": [0, 0, 10, 3], "texture": "#0"},
				"east": {"uv": [10, 0, 13, 3], "texture": "#0"},
				"south": {"uv": [0, 3, 10, 6], "texture": "#0"},
				"west": {"uv": [10, 3, 13, 6], "texture": "#0"},
				"up": {"uv": [10, 9, 0, 6], "texture": "#0"},
				"down": {"uv": [10, 9, 0, 12], "texture": "#0"}
			}
		},
		{
			"from": [2.5, 3.5, 8],
			"to": [3, 4, 9.5],
			"faces": {
				"north": {"uv": [1, 2, 2, 3], "texture": "#5"},
				"east": {"uv": [0, 0, 2, 1], "texture": "#5"},
				"south": {"uv": [2, 2, 3, 3], "texture": "#5"},
				"west": {"uv": [0, 1, 2, 2], "texture": "#5"},
				"up": {"uv": [1, 4, 0, 2], "texture": "#5"},
				"down": {"uv": [3, 0, 2, 2], "texture": "#5"}
			}
		},
		{
			"from": [2.5, 4, 8.5],
			"to": [3, 4.5, 9],
			"faces": {
				"north": {"uv": [0, 0, 0.5, 0.5], "texture": "#5"},
				"east": {"uv": [0, 0, 0.5, 0.5], "texture": "#5"},
				"south": {"uv": [0, 0, 0.5, 0.5], "texture": "#5"},
				"west": {"uv": [0, 0, 0.5, 0.5], "texture": "#5"},
				"up": {"uv": [0, 0, 0.5, 0.5], "texture": "#5"},
				"down": {"uv": [0, 0, 0.5, 0.5], "texture": "#5"}
			}
		},
		{
			"from": [2.5, 3, 8.5],
			"to": [3, 3.5, 9],
			"faces": {
				"north": {"uv": [0, 0, 0.5, 0.5], "texture": "#5"},
				"east": {"uv": [0, 0, 0.5, 0.5], "texture": "#5"},
				"south": {"uv": [0, 0, 0.5, 0.5], "texture": "#5"},
				"west": {"uv": [0, 0, 0.5, 0.5], "texture": "#5"},
				"up": {"uv": [0, 0, 0.5, 0.5], "texture": "#5"},
				"down": {"uv": [0, 0, 0.5, 0.5], "texture": "#5"}
			}
		},
		{
			"from": [3, 5, 8],
			"to": [12.5, 5.5, 9.5],
			"faces": {
				"north": {"uv": [0, 4, 10, 5], "texture": "#1"},
				"east": {"uv": [0, 6, 2, 7], "texture": "#1"},
				"south": {"uv": [0, 5, 10, 6], "texture": "#1"},
				"west": {"uv": [2, 6, 4, 7], "texture": "#1"},
				"up": {"uv": [10, 2, 0, 0], "texture": "#1"},
				"down": {"uv": [10, 2, 0, 4], "texture": "#1"}
			}
		},
		{
			"from": [3, 2, 8],
			"to": [12.5, 2.5, 9.5],
			"faces": {
				"north": {"uv": [0, 4, 10, 5], "texture": "#4"},
				"east": {"uv": [0, 6, 2, 7], "texture": "#4"},
				"south": {"uv": [0, 5, 10, 6], "texture": "#4"},
				"west": {"uv": [2, 6, 4, 7], "texture": "#4"},
				"up": {"uv": [10, 2, 0, 0], "texture": "#4"},
				"down": {"uv": [10, 2, 0, 4], "texture": "#4"}
			}
		},
		{
			"from": [3, 3, 7],
			"to": [12.5, 4.5, 7.5],
			"faces": {
				"north": {"uv": [0, 0, 10, 2], "texture": "#2"},
				"east": {"uv": [0, 6, 1, 8], "texture": "#2"},
				"south": {"uv": [0, 2, 10, 4], "texture": "#2"},
				"west": {"uv": [1, 6, 2, 8], "texture": "#2"},
				"up": {"uv": [10, 5, 0, 4], "texture": "#2"},
				"down": {"uv": [10, 5, 0, 6], "texture": "#2"}
			}
		},
		{
			"from": [3, 3, 10],
			"to": [12.5, 4.5, 10.5],
			"faces": {
				"north": {"uv": [0, 0, 10, 2], "texture": "#3"},
				"east": {"uv": [0, 6, 1, 8], "texture": "#3"},
				"south": {"uv": [0, 2, 10, 4], "texture": "#3"},
				"west": {"uv": [1, 6, 2, 8], "texture": "#3"},
				"up": {"uv": [10, 5, 0, 4], "texture": "#3"},
				"down": {"uv": [10, 5, 0, 6], "texture": "#3"}
			}
		},
		{
			"from": [12.5, 3.5, 8],
			"to": [13, 4, 9.5],
			"faces": {
				"north": {"uv": [1, 2, 2, 3], "texture": "#6"},
				"east": {"uv": [0, 0, 2, 1], "texture": "#6"},
				"south": {"uv": [2, 2, 3, 3], "texture": "#6"},
				"west": {"uv": [0, 1, 2, 2], "texture": "#6"},
				"up": {"uv": [1, 4, 0, 2], "texture": "#6"},
				"down": {"uv": [3, 0, 2, 2], "texture": "#6"}
			}
		}
	],
	"display": {
		"ground": {
			"translation": [0, 6.25, 0],
			"scale": [1.7, 1.7, 1.7]
		}
	}
}