{
  "parent": "minecraft:item/handheld_rod",
  "textures": {
    "layer0": "minecraft:item/carrot_on_a_stick"
  },
  "overrides": [
    { "predicate": {"custom_model_data": 1}, "model": "item/flashlight"},
    { "predicate": {"custom_model_data": 2}, "model": "item/flashlight_on"},
    { "predicate": {"custom_model_data": 3}, "model": "item/egaddscreen_play"},
    { "predicate": {"custom_model_data": 4}, "model": "item/egaddscreen_about"},
    { "predicate": {"custom_model_data": 5}, "model": "item/egaddscreen_settings"},
    { "predicate": {"custom_model_data": 6}, "model": "item/chair"}
  ]
}