{
	"credit": "Made with Blockbench",
	"texture_size": [64, 64],
	"textures": {
		"0": "item/chair",
		"particle": "item/chair"
	},
	"elements": [
		{
			"from": [4, 2, 4],
			"to": [12, 3, 12],
			"faces": {
				"north": {"uv": [2, 3, 4, 3.25], "texture": "#0"},
				"east": {"uv": [2, 3.25, 4, 3.5], "texture": "#0"},
				"south": {"uv": [3.5, 0, 5.5, 0.25], "texture": "#0"},
				"west": {"uv": [3.5, 0.25, 5.5, 0.5], "texture": "#0"},
				"up": {"uv": [2, 2, 0, 0], "texture": "#0"},
				"down": {"uv": [2, 2, 0, 4], "texture": "#0"}
			}
		},
		{
			"from": [2.5, 1, 3.5],
			"to": [5.5, 4, 4.5],
			"rotation": {"angle": 45, "axis": "y", "origin": [4, 2.5, 4]},
			"faces": {
				"north": {"uv": [2, 0, 2.75, 0.75], "texture": "#0"},
				"east": {"uv": [2.75, 3.75, 3, 4.5], "texture": "#0"},
				"south": {"uv": [2, 0.75, 2.75, 1.5], "texture": "#0"},
				"west": {"uv": [3, 3.75, 3.25, 4.5], "texture": "#0"},
				"up": {"uv": [4, 4, 3.25, 3.75], "texture": "#0"},
				"down": {"uv": [0.75, 4, 0, 4.25], "texture": "#0"}
			}
		},
		{
			"from": [12, 2, 6],
			"to": [13, 3, 10],
			"faces": {
				"north": {"uv": [4, 3, 4.25, 3.25], "texture": "#0"},
				"east": {"uv": [3.5, 0.5, 4.5, 0.75], "texture": "#0"},
				"south": {"uv": [4, 3.25, 4.25, 3.5], "texture": "#0"},
				"west": {"uv": [3.5, 0.75, 4.5, 1], "texture": "#0"},
				"up": {"uv": [3.75, 2, 3.5, 1], "texture": "#0"},
				"down": {"uv": [2.25, 3.5, 2, 4.5], "texture": "#0"}
			}
		},
		{
			"from": [11.5, 1, 10.5],
			"to": [12.5, 4, 13.5],
			"rotation": {"angle": -45, "axis": "y", "origin": [12, 1.5, 12]},
			"faces": {
				"north": {"uv": [0.75, 4, 1, 4.75], "texture": "#0"},
				"east": {"uv": [2, 1.5, 2.75, 2.25], "texture": "#0"},
				"south": {"uv": [1, 4, 1.25, 4.75], "texture": "#0"},
				"west": {"uv": [2, 2.25, 2.75, 3], "texture": "#0"},
				"up": {"uv": [1.5, 4.75, 1.25, 4], "texture": "#0"},
				"down": {"uv": [1.75, 4, 1.5, 4.75], "texture": "#0"}
			}
		},
		{
			"from": [3.5, 1, 10.5],
			"to": [4.5, 4, 13.5],
			"rotation": {"angle": 45, "axis": "y", "origin": [4, 1.5, 12]},
			"faces": {
				"north": {"uv": [1.75, 4, 2, 4.75], "texture": "#0"},
				"east": {"uv": [2.75, 0, 3.5, 0.75], "texture": "#0"},
				"south": {"uv": [3.25, 4, 3.5, 4.75], "texture": "#0"},
				"west": {"uv": [2.75, 0.75, 3.5, 1.5], "texture": "#0"},
				"up": {"uv": [3.75, 4.75, 3.5, 4], "texture": "#0"},
				"down": {"uv": [4, 4, 3.75, 4.75], "texture": "#0"}
			}
		},
		{
			"from": [6, 2, 3],
			"to": [10, 3, 4],
			"faces": {
				"north": {"uv": [3.5, 2, 4.5, 2.25], "texture": "#0"},
				"east": {"uv": [4.25, 3, 4.5, 3.25], "texture": "#0"},
				"south": {"uv": [2.25, 3.5, 3.25, 3.75], "texture": "#0"},
				"west": {"uv": [4.25, 3.25, 4.5, 3.5], "texture": "#0"},
				"up": {"uv": [4.5, 2.5, 3.5, 2.25], "texture": "#0"},
				"down": {"uv": [4.5, 2.5, 3.5, 2.75], "texture": "#0"}
			}
		},
		{
			"from": [6, 2, 12],
			"to": [10, 3, 13],
			"faces": {
				"north": {"uv": [3.5, 2.75, 4.5, 3], "texture": "#0"},
				"east": {"uv": [4.25, 3.5, 4.5, 3.75], "texture": "#0"},
				"south": {"uv": [3.25, 3.5, 4.25, 3.75], "texture": "#0"},
				"west": {"uv": [4.25, 3.75, 4.5, 4], "texture": "#0"},
				"up": {"uv": [4.75, 1.25, 3.75, 1], "texture": "#0"},
				"down": {"uv": [4.75, 1.25, 3.75, 1.5], "texture": "#0"}
			}
		},
		{
			"from": [3, 2, 6],
			"to": [4, 3, 10],
			"faces": {
				"north": {"uv": [4.25, 4, 4.5, 4.25], "texture": "#0"},
				"east": {"uv": [3.75, 1.5, 4.75, 1.75], "texture": "#0"},
				"south": {"uv": [4.25, 4.25, 4.5, 4.5], "texture": "#0"},
				"west": {"uv": [3.75, 1.75, 4.75, 2], "texture": "#0"},
				"up": {"uv": [2.5, 4.75, 2.25, 3.75], "texture": "#0"},
				"down": {"uv": [2.75, 3.75, 2.5, 4.75], "texture": "#0"}
			}
		},
		{
			"from": [11.5, 1, 2.5],
			"to": [12.5, 4, 5.5],
			"rotation": {"angle": 45, "axis": "y", "origin": [12, 2.5, 4]},
			"faces": {
				"north": {"uv": [4, 3.75, 4.25, 4.5], "texture": "#0"},
				"east": {"uv": [2.75, 1.5, 3.5, 2.25], "texture": "#0"},
				"south": {"uv": [0, 4.25, 0.25, 5], "texture": "#0"},
				"west": {"uv": [2.75, 2.25, 3.5, 3], "texture": "#0"},
				"up": {"uv": [0.5, 5, 0.25, 4.25], "texture": "#0"},
				"down": {"uv": [0.75, 4.25, 0.5, 5], "texture": "#0"}
			}
		},
		{
			"from": [7.25, 3, 7.25],
			"to": [8.75, 9, 8.75],
			"faces": {
				"north": {"uv": [0, 5, 0.5, 6.5], "texture": "#0"},
				"east": {"uv": [6, 4, 6.5, 5.5], "texture": "#0"},
				"south": {"uv": [6, 5.5, 6.5, 7], "texture": "#0"},
				"west": {"uv": [0.5, 6.25, 1, 7.75], "texture": "#0"},
				"up": {"uv": [5, 4.5, 4.5, 4], "texture": "#0"},
				"down": {"uv": [5.5, 4, 5, 4.5], "texture": "#0"}
			}
		},
		{
			"from": [4, 9, 4],
			"to": [12, 10, 12],
			"faces": {
				"north": {"uv": [5.5, 0, 7.5, 0.25], "texture": "#0"},
				"east": {"uv": [5.5, 0.25, 7.5, 0.5], "texture": "#0"},
				"south": {"uv": [6.5, 2, 8.5, 2.25], "texture": "#0"},
				"west": {"uv": [6.5, 2.25, 8.5, 2.5], "texture": "#0"},
				"up": {"uv": [6.5, 4, 4.5, 2], "texture": "#0"},
				"down": {"uv": [6, 4.5, 4, 6.5], "texture": "#0"}
			}
		},
		{
			"from": [7.5, 9.25, 3],
			"to": [8.5, 13.75, 4],
			"rotation": {"angle": -22.5, "axis": "x", "origin": [8, 10, 4]},
			"faces": {
				"north": {"uv": [0.5, 5, 0.75, 6.25], "texture": "#0"},
				"east": {"uv": [4.25, 6.5, 4.5, 7.75], "texture": "#0"},
				"south": {"uv": [4.5, 6.5, 4.75, 7.75], "texture": "#0"},
				"west": {"uv": [4.75, 6.5, 5, 7.75], "texture": "#0"},
				"up": {"uv": [2.25, 4.75, 2, 4.5], "texture": "#0"},
				"down": {"uv": [3, 4.5, 2.75, 4.75], "texture": "#0"}
			}
		},
		{
			"from": [4, 13, 1.75],
			"to": [12, 19, 2.75],
			"faces": {
				"north": {"uv": [4.75, 0.5, 6.75, 2], "texture": "#0"},
				"east": {"uv": [3.75, 6.5, 4, 8], "texture": "#0"},
				"south": {"uv": [0.75, 4.75, 2.75, 6.25], "texture": "#0"},
				"west": {"uv": [4, 6.5, 4.25, 8], "texture": "#0"},
				"up": {"uv": [8.5, 2.75, 6.5, 2.5], "texture": "#0"},
				"down": {"uv": [8.5, 2.75, 6.5, 3], "texture": "#0"}
			}
		},
		{
			"from": [7.5, 19, 2],
			"to": [8.5, 21, 3],
			"faces": {
				"north": {"uv": [4.5, 0.5, 4.75, 1], "texture": "#0"},
				"east": {"uv": [5.5, 4, 5.75, 4.5], "texture": "#0"},
				"south": {"uv": [5.75, 4, 6, 4.5], "texture": "#0"},
				"west": {"uv": [2.75, 6.75, 3, 7.25], "texture": "#0"},
				"up": {"uv": [3.25, 4.75, 3, 4.5], "texture": "#0"},
				"down": {"uv": [3.25, 6.75, 3, 7], "texture": "#0"}
			}
		},
		{
			"from": [6, 21, 2.25],
			"to": [10, 25, 3.25],
			"faces": {
				"north": {"uv": [2.75, 4.75, 3.75, 5.75], "texture": "#0"},
				"east": {"uv": [1.25, 6.75, 1.5, 7.75], "texture": "#0"},
				"south": {"uv": [2.75, 5.75, 3.75, 6.75], "texture": "#0"},
				"west": {"uv": [1.5, 6.75, 1.75, 7.75], "texture": "#0"},
				"up": {"uv": [2.75, 7, 1.75, 6.75], "texture": "#0"},
				"down": {"uv": [7.75, 1.75, 6.75, 2], "texture": "#0"}
			}
		},
		{
			"from": [3, 9, 5],
			"to": [4, 13.5, 6],
			"rotation": {"angle": -22.5, "axis": "x", "origin": [3.5, 11, 5.5]},
			"faces": {
				"north": {"uv": [5, 6.5, 5.25, 7.75], "texture": "#0"},
				"east": {"uv": [5.25, 6.5, 5.5, 7.75], "texture": "#0"},
				"south": {"uv": [6.5, 5.25, 6.75, 6.5], "texture": "#0"},
				"west": {"uv": [5.5, 6.5, 5.75, 7.75], "texture": "#0"},
				"up": {"uv": [3.5, 7, 3.25, 6.75], "texture": "#0"},
				"down": {"uv": [3.75, 6.75, 3.5, 7], "texture": "#0"}
			}
		},
		{
			"from": [3, 13, 4],
			"to": [4, 14, 11],
			"faces": {
				"north": {"uv": [6.75, 3.5, 7, 3.75], "texture": "#0"},
				"east": {"uv": [1, 6.25, 2.75, 6.5], "texture": "#0"},
				"south": {"uv": [6.75, 3.75, 7, 4], "texture": "#0"},
				"west": {"uv": [1, 6.5, 2.75, 6.75], "texture": "#0"},
				"up": {"uv": [4, 6.5, 3.75, 4.75], "texture": "#0"},
				"down": {"uv": [0.25, 6.5, 0, 8.25], "texture": "#0"}
			}
		},
		{
			"from": [12, 13, 4],
			"to": [13, 14, 11],
			"faces": {
				"north": {"uv": [6.75, 4, 7, 4.25], "texture": "#0"},
				"east": {"uv": [6.5, 3, 8.25, 3.25], "texture": "#0"},
				"south": {"uv": [6.75, 4.25, 7, 4.5], "texture": "#0"},
				"west": {"uv": [6.5, 3.25, 8.25, 3.5], "texture": "#0"},
				"up": {"uv": [0.5, 8.25, 0.25, 6.5], "texture": "#0"},
				"down": {"uv": [6.75, 3.5, 6.5, 5.25], "texture": "#0"}
			}
		},
		{
			"from": [12, 9.5, 5],
			"to": [13, 14, 6],
			"rotation": {"angle": -22.5, "axis": "x", "origin": [12.5, 11, 6.5]},
			"faces": {
				"north": {"uv": [5.75, 6.5, 6, 7.75], "texture": "#0"},
				"east": {"uv": [6.5, 6.5, 6.75, 7.75], "texture": "#0"},
				"south": {"uv": [6.75, 0.5, 7, 1.75], "texture": "#0"},
				"west": {"uv": [1, 6.75, 1.25, 8], "texture": "#0"},
				"up": {"uv": [7, 4.75, 6.75, 4.5], "texture": "#0"},
				"down": {"uv": [7, 4.75, 6.75, 5], "texture": "#0"}
			}
		}
	],
	"display": {
		"thirdperson_righthand": {
			"rotation": [90, 180, 0],
			"translation": [-6, -2, -2.25],
			"scale": [1.4, 1.4, 1.4]
		}
	},
	"groups": [
		{
			"name": "group",
			"origin": [8, 8, 8],
			"color": 0,
			"children": [0, 1, 2, 3, 4, 5, 6, 7, 8]
		},
		{
			"name": "group",
			"origin": [8, 8, 8],
			"color": 0,
			"children": [9, 10, 11, 12, 13, 14, 15, 16, 17, 18]
		}
	]
}