{
	"credit": "Made with Blockbench",
	"textures": {
		"0": "item/egadd_screen_about",
		"1": "item/egadd_screen_arm",
		"particle": "item/egadd_screen_about"
	},
	"elements": [
		{
			"from": [7.5, 8.5, -5.5],
			"to": [8.5, 9.5, 3.5],
			"rotation": {"angle": 22.5, "axis": "x", "origin": [0, 0, 0]},
			"faces": {
				"north": {"uv": [0, 0, 1, 1], "texture": "#1"},
				"east": {"uv": [0, 0, 9, 1], "texture": "#1"},
				"south": {"uv": [0, 0, 1, 1], "texture": "#1"},
				"west": {"uv": [0, 0, 9, 1], "texture": "#1"},
				"up": {"uv": [0, 0, 1, 9], "texture": "#1"},
				"down": {"uv": [0, 0, 1, 9], "texture": "#1"}
			}
		},
		{
			"from": [7.5, 6.5, 6.5],
			"to": [8.5, 7.5, 15.5],
			"faces": {
				"north": {"uv": [2, 2, 3, 3], "texture": "#1"},
				"east": {"uv": [0, 0, 9, 1], "texture": "#1"},
				"south": {"uv": [2, 3, 3, 4], "texture": "#1"},
				"west": {"uv": [0, 1, 9, 2], "texture": "#1"},
				"up": {"uv": [1, 11, 0, 2], "texture": "#1"},
				"down": {"uv": [2, 2, 1, 11], "texture": "#1"}
			}
		},
		{
			"from": [4.5, 0, 15],
			"to": [15.5, 7, 16],
			"rotation": {"angle": 22.5, "axis": "z", "origin": [0, 0, 0]},
			"faces": {
				"north": {"uv": [0, 0, 5.5, 3.5], "texture": "#0"},
				"east": {"uv": [5.5, 1, 6, 4.5], "texture": "#0"},
				"south": {"uv": [0, 3.5, 5.5, 7], "texture": "#0"},
				"west": {"uv": [5.5, 4.5, 6, 8], "texture": "#0"},
				"up": {"uv": [11, 0.5, 5.5, 0], "texture": "#0"},
				"down": {"uv": [11, 0.5, 5.5, 1], "texture": "#0"}
			}
		}
	],
	"display": {
		"thirdperson_righthand": {
			"rotation": [90, 180, 0],
			"translation": [-6, 0, 0],
			"scale": [2, 2, 2]
		}
	}
}