{
	"credit": "Made with Blockbench",
	"textures": {
		"0": "item/fl_handle",
		"1": "item/fl_button",
		"2": "item/fl_head",
		"3": "item/fl_bulb",
		"particle": "item/fl_handle"
	},
	"elements": [
		{
			"name": "Button",
			"from": [7.5, 4, 8.5],
			"to": [8.5, 4.5, 9.5],
			"faces": {
				"north": {"uv": [0, 0, 1, 1], "texture": "#1"},
				"east": {"uv": [0, 1, 1, 2], "texture": "#1"},
				"south": {"uv": [1, 0, 2, 1], "texture": "#1"},
				"west": {"uv": [1, 1, 2, 2], "texture": "#1"},
				"up": {"uv": [1, 3, 0, 2], "texture": "#1"},
				"down": {"uv": [3, 0, 2, 1], "texture": "#1"}
			}
		},
		{
			"name": "Handle",
			"from": [6.5, 1, 2.5],
			"to": [9.5, 4, 10.5],
			"faces": {
				"north": {"uv": [6, 6, 9, 9], "texture": "#0"},
				"east": {"uv": [0, 0, 8, 3], "texture": "#0"},
				"south": {"uv": [8, 0, 11, 3], "texture": "#0"},
				"west": {"uv": [0, 3, 8, 6], "texture": "#0"},
				"up": {"uv": [3, 14, 0, 6], "texture": "#0"},
				"down": {"uv": [6, 6, 3, 14], "texture": "#0"}
			}
		},
		{
			"name": "Head_1",
			"from": [5.5, 0, 10.5],
			"to": [6.5, 5, 13.5],
			"faces": {
				"north": {"uv": [0, 5, 1, 10], "texture": "#2"},
				"east": {"uv": [0, 0, 3, 5], "texture": "#2"},
				"south": {"uv": [1, 5, 2, 10], "texture": "#2"},
				"west": {"uv": [3, 0, 6, 5], "texture": "#2"},
				"up": {"uv": [3, 8, 2, 5], "texture": "#2"},
				"down": {"uv": [4, 5, 3, 8], "texture": "#2"}
			}
		},
		{
			"name": "Head_2",
			"from": [9.5, 0, 10.5],
			"to": [10.5, 5, 13.5],
			"faces": {
				"north": {"uv": [0, 0, 1, 5], "texture": "#2"},
				"east": {"uv": [0, 0, 3, 5], "texture": "#2"},
				"south": {"uv": [0, 0, 1, 5], "texture": "#2"},
				"west": {"uv": [0, 0, 3, 5], "texture": "#2"},
				"up": {"uv": [0, 0, 1, 3], "texture": "#2"},
				"down": {"uv": [0, 0, 1, 3], "texture": "#2"}
			}
		},
		{
			"name": "Head_3",
			"from": [6.5, 4, 10.5],
			"to": [9.5, 5, 13.5],
			"faces": {
				"north": {"uv": [0, 0, 3, 1], "texture": "#2"},
				"east": {"uv": [0, 0, 3, 1], "texture": "#2"},
				"south": {"uv": [0, 0, 3, 1], "texture": "#2"},
				"west": {"uv": [0, 0, 3, 1], "texture": "#2"},
				"up": {"uv": [0, 0, 3, 3], "texture": "#2"},
				"down": {"uv": [0, 0, 3, 3], "texture": "#2"}
			}
		},
		{
			"name": "Head_4",
			"from": [6.5, 0, 10.5],
			"to": [9.5, 1, 13.5],
			"faces": {
				"north": {"uv": [0, 0, 3, 1], "texture": "#2"},
				"east": {"uv": [0, 0, 3, 1], "texture": "#2"},
				"south": {"uv": [0, 0, 3, 1], "texture": "#2"},
				"west": {"uv": [0, 0, 3, 1], "texture": "#2"},
				"up": {"uv": [0, 0, 3, 3], "texture": "#2"},
				"down": {"uv": [0, 0, 3, 3], "texture": "#2"}
			}
		},
		{
			"name": "Bulb",
			"from": [6.5, 1, 11.5],
			"to": [9.5, 4, 12.5],
			"faces": {
				"north": {"uv": [0, 0, 3, 3], "texture": "#3"},
				"east": {"uv": [3, 0, 4, 3], "texture": "#3"},
				"south": {"uv": [0, 3, 3, 6], "texture": "#3"},
				"west": {"uv": [3, 3, 4, 6], "texture": "#3"},
				"up": {"uv": [7, 1, 4, 0], "texture": "#3"},
				"down": {"uv": [7, 1, 4, 2], "texture": "#3"}
			}
		}
	],
	"display": {
		"thirdperson_righthand": {
			"rotation": [-90, 0, 0],
			"translation": [0, 2.5, -5]
		},
		"firstperson_righthand": {
			"rotation": [-180, 0, 0],
			"translation": [0.25, -3, 4]
		},
		"gui": {
			"rotation": [45, -45, 180],
			"translation": [0.5, -3.25, 0]
		}
	},
	"groups": [
		{
			"name": "Flashlight",
			"origin": [0, 0, 0],
			"color": 0,
			"children": [0, 1, 2, 3, 4, 5, 6]
		}
	]
}